{
  "schema": 2,
  "days": [
    "16_06_2026__Sunny_Closed_Loop.xlsx",
    "17_06_2026__Sunny_Closed_Loop.xlsx",
    "18_06_2026__Sunny_Closed_Loop.xlsx",
    "19_06_2026__Sunny_Closed_Loop.xlsx"
  ],
  "expert": {
    "per_day": [
      1.2861506176730226,
      1.4821845716848925,
      1.7957950542569427,
      0.33064792944974725
    ],
    "mean": 1.2236945432661512
  },
  "bc": {
    "42": {
      "per_day": [
        1.2863135747289176,
        1.4823381478680384,
        1.7961370825748966,
        0.3306667512313951
      ],
      "mean": 1.223863889100812
    },
    "36": {
      "per_day": [
        1.2862831285313931,
        1.4822974499842905,
        1.7960885042708092,
        0.33065924335051056
      ],
      "mean": 1.2238320815342507
    },
    "27": {
      "per_day": [
        1.2863339245883458,
        1.4823808140324302,
        1.7961353165068803,
        0.330663859610589
      ],
      "mean": 1.2238784786845616
    },
    "21": {
      "per_day": [
        1.2863359714410423,
        1.4823421930595828,
        1.7961421888438485,
        0.33066729757496266
      ],
      "mean": 1.2238719127298592
    },
    "14": {
      "per_day": [
        1.2863371912434356,
        1.4823373696833149,
        1.7961262222244445,
        0.3306711484908485
      ],
      "mean": 1.2238679829105108
    },
    "23": {
      "per_day": [
        1.2862852491259116,
        1.4822992576980865,
        1.7960931936230484,
        0.3306594209429425
      ],
      "mean": 1.2238342803474973
    },
    "39": {
      "per_day": [
        1.2863541525687259,
        1.4823513003333408,
        1.7962564216308092,
        0.33067339090111497
      ],
      "mean": 1.2239088163584977
    },
    "94": {
      "per_day": [
        1.286366984222797,
        1.4824055076893656,
        1.7962263214189382,
        0.3307100763003053
      ],
      "mean": 1.2239272224078517
    },
    "15": {
      "per_day": [
        1.2863356892112319,
        1.4826036905206537,
        1.7961693107201204,
        0.3306981089754736
      ],
      "mean": 1.22395169985687
    },
    "88": {
      "per_day": [
        1.2863571407900776,
        1.4823463246470276,
        1.796210219745355,
        0.3306650137125959
      ],
      "mean": 1.2238946747237642
    },
    "26": {
      "per_day": [
        1.2863109060356235,
        1.482327093646387,
        1.7961083492942402,
        0.3306614408653434
      ],
      "mean": 1.2238519474603986
    },
    "83": {
      "per_day": [
        1.286341396209544,
        1.482320990421825,
        1.7961373690390272,
        0.3306625904646359
      ],
      "mean": 1.223865586533758
    },
    "51": {
      "per_day": [
        1.2862945887414612,
        1.4823988252727347,
        1.7960496754203106,
        0.33066029408165765
      ],
      "mean": 1.2238508458790411
    },
    "18": {
      "per_day": [
        1.2863107826741702,
        1.4823174338480827,
        1.7960828895910277,
        0.33066319038072617
      ],
      "mean": 1.2238435741235016
    },
    "68": {
      "per_day": [
        1.2863004779708853,
        1.482333417025565,
        1.7961020405558816,
        0.3306610791875872
      ],
      "mean": 1.2238492536849799
    },
    "86": {
      "per_day": [
        1.2863985980058892,
        1.48237746359348,
        1.796370620813567,
        0.33067115192846486
      ],
      "mean": 1.2239544585853503
    },
    "33": {
      "per_day": [
        1.2862855794199637,
        1.4822995318870906,
        1.7960939031523333,
        0.330659459528904
      ],
      "mean": 1.2238346184970728
    },
    "47": {
      "per_day": [
        1.286336025611251,
        1.4823609435360077,
        1.7962671591007608,
        0.3306675663714482
      ],
      "mean": 1.2239079236548671
    },
    "99": {
      "per_day": [
        1.286341954230801,
        1.4824051285762294,
        1.796138183310911,
        0.3306678063856218
      ],
      "mean": 1.2238882681258907
    },
    "57": {
      "per_day": [
        1.2863287111259003,
        1.4823217144266838,
        1.796137328830043,
        0.3306622947530044
      ],
      "mean": 1.223862512283908
    },
    "52": {
      "per_day": [
        1.286307540790999,
        1.4823162374128955,
        1.7960702710479681,
        0.33065384291310174
      ],
      "mean": 1.223836973041241
    },
    "71": {
      "per_day": [
        1.2863381608413471,
        1.48239341215048,
        1.796207442887371,
        0.33065571823051204
      ],
      "mean": 1.2238986835274275
    },
    "78": {
      "per_day": [
        1.2863425665092298,
        1.4824898485778832,
        1.7962045401557103,
        0.3306576552042731
      ],
      "mean": 1.223923652611774
    },
    "89": {
      "per_day": [
        1.2863811547727946,
        1.4824697051643971,
        1.7962190690698578,
        0.33067921501774195
      ],
      "mean": 1.2239372860061979
    },
    "49": {
      "per_day": [
        1.2862994414753481,
        1.4823112685856723,
        1.796101909026146,
        0.33065740572102986
      ],
      "mean": 1.223842506202049
    },
    "84": {
      "per_day": [
        1.2863095214683844,
        1.4823328198803816,
        1.796089847931249,
        0.3306624165127179
      ],
      "mean": 1.2238486514481832
    },
    "13": {
      "per_day": [
        1.2863262799260098,
        1.482409533882835,
        1.796122235934597,
        0.33066281223709415
      ],
      "mean": 1.2238802154951338
    },
    "30": {
      "per_day": [
        1.286324756760959,
        1.4823854745332832,
        1.7960714598772465,
        0.3306844309275613
      ],
      "mean": 1.2238665305247622
    },
    "81": {
      "per_day": [
        1.2862975627130688,
        1.4823236834235967,
        1.7960665400658102,
        0.33066765771395806
      ],
      "mean": 1.2238388609791084
    },
    "62": {
      "per_day": [
        1.2863008649877505,
        1.4824338006106785,
        1.7961029835205695,
        0.33065516386919513
      ],
      "mean": 1.2238732032470483
    }
  },
  "cql": {
    "42": {
      "per_day": [
        0.25529900959743423,
        0.27191717238914986,
        0.3783588666607761,
        0.0501113318583207
      ],
      "mean": 0.23892159512642025
    },
    "36": {
      "per_day": [
        0.26004304452829086,
        0.2768778993960235,
        0.3843847276980818,
        0.0509614618066097
      ],
      "mean": 0.24306678335725146
    },
    "27": {
      "per_day": [
        0.2613416133382945,
        0.28314558191675526,
        0.40429338384062125,
        0.05257951896917098
      ],
      "mean": 0.25034002451621046
    },
    "21": {
      "per_day": [
        0.2608108122094072,
        0.275019142166199,
        0.3864632600219152,
        0.051072875200901424
      ],
      "mean": 0.24334152239960571
    },
    "14": {
      "per_day": [
        0.2625730220733255,
        0.27760087362131997,
        0.38804696639318587,
        0.05139949471899768
      ],
      "mean": 0.24490508920170725
    },
    "23": {
      "per_day": [
        0.261014480231675,
        0.27833625718220983,
        0.38862927807083186,
        0.05162399865979977
      ],
      "mean": 0.2449010035361291
    },
    "39": {
      "per_day": [
        0.26214417893188907,
        0.27087903026577753,
        0.3886245323718574,
        0.05143570827158435
      ],
      "mean": 0.24327086246027707
    },
    "94": {
      "per_day": [
        0.2629725722671387,
        0.27375580630790286,
        0.38653790487298567,
        0.05038056466197605
      ],
      "mean": 0.24341171202750084
    },
    "15": {
      "per_day": [
        0.26057030807206455,
        0.27490613297509786,
        0.3860806985798879,
        0.051206689256437864
      ],
      "mean": 0.24319095722087206
    },