{
  "schema": 2,
  "days": [
    "16_06_2026__Sunny_Closed_Loop.xlsx",
    "17_06_2026__Sunny_Closed_Loop.xlsx",
    "18_06_2026__Sunny_Closed_Loop.xlsx",
    "19_06_2026__Sunny_Closed_Loop.xlsx"
  ],
  "expert": {
    "per_day": [
      1.2861506176730226,
      1.4821845716848925,
      1.7957950542569427,
      0.33064792944974725
    ],
    "mean": 1.2236945432661512
  },
  "bc": {
    "42": {
      "per_day": [
        1.2863135748316068,
        1.4823381477361666,
        1.7961370824897445,
        0.33066675123203493
      ],
      "mean": 1.223863889072388
    },
    "36": {
      "per_day": [
        1.2862831285253655,
        1.4822974499624453,
        1.7960885042599584,
        0.3306592435626276
      ],
      "mean": 1.2238320815775992
    },
    "27": {
      "per_day": [
        1.2863339245816778,
        1.4823808141946746,
        1.7961353164949017,
        0.3306638596089438
      ],
      "mean": 1.2238784787200494
    },
    "21": {
      "per_day": [
        1.2863359714531422,
        1.4823421930520153,
        1.7961421888321083,
        0.3306672975757207
      ],
      "mean": 1.2238719127282467
    },
    "14": {
      "per_day": [
        1.2863371912247734,
        1.4823373696765152,
        1.796126222213315,
        0.33067114849151563
      ],
      "mean": 1.22386798290153
    },
    "23": {
      "per_day": [
        1.2862852491341756,
        1.482299257667408,
        1.796093193613242,
        0.3306594209896312
      ],
      "mean": 1.2238342803511142
    },
    "39": {
      "per_day": [
        1.2863541525621245,
        1.482351300478502,
        1.7962564216189512,
        0.3306733909008417
      ],
      "mean": 1.2239088163901048
    },
    "94": {
      "per_day": [
        1.286366984216176,
        1.4824055078020086,
        1.7962263214070364,
        0.3307100763010111
      ],
      "mean": 1.2239272224315583
    },
    "15": {
      "per_day": [
        1.2863356892048377,
        1.4826036905378916,
        1.7961693107086358,
        0.3306981089761589
      ],
      "mean": 1.223951699856881
    },
    "88": {
      "per_day": [
        1.286357140783847,
        1.4823463247855269,
        1.7962102197341454,
        0.33066501371326745
      ],
      "mean": 1.2238946747541968
    },
    "26": {
      "per_day": [
        1.2863109060294988,
        1.4823270937126003,
        1.7961083492725582,
        0.33066144092343674
      ],
      "mean": 1.2238519474845233
    },
    "83": {
      "per_day": [
        1.2863413962039087,
        1.4823209904152939,
        1.7961373690308349,
        0.33066259042221036
      ],
      "mean": 1.2238655865180619
    },
    "51": {
      "per_day": [
        1.2862945887980968,
        1.4823988252436253,
        1.7960496754090527,
        0.3306602941871498
      ],
      "mean": 1.2238508459094812
    },
    "18": {
      "per_day": [
        1.2863107826993097,
        1.4823174338744114,
        1.796082889580552,
        0.3306631903969175
      ],
      "mean": 1.2238435741377978
    },
    "68": {
      "per_day": [
        1.286300477942547,
        1.4823334169469038,
        1.796102040543679,
        0.33066107918827425
      ],
      "mean": 1.223849253655351
    },
    "86": {
      "per_day": [
        1.28639859799863,
        1.4823774635821865,
        1.796370620800508,
        0.3306711519292525
      ],
      "mean": 1.2239544585776445
    },
    "33": {
      "per_day": [
        1.2862855794131085,
        1.4822995317573378,
        1.7960939032731258,
        0.3306594595296388
      ],
      "mean": 1.2238346184933027
    },
    "47": {
      "per_day": [
        1.2863360256045004,
        1.4823609435391412,
        1.7962671590886072,
        0.3306675663719409
      ],
      "mean": 1.2239079236510473
    },
    "99": {
      "per_day": [
        1.2863419542244467,
        1.48240512856886,
        1.7961381832994696,
        0.330667806386303
      ],
      "mean": 1.2238882681197698
    },
    "57": {
      "per_day": [
        1.2863287111196569,
        1.4823217141882312,
        1.7961373288544393,
        0.33066229475239794
      ],
      "mean": 1.2238625122286813
    },
    "52": {
      "per_day": [
        1.2863075407847708,
        1.4823162374107728,
        1.7960702711764325,
        0.33065384291376565
      ],
      "mean": 1.2238369730714354
    },
    "71": {
      "per_day": [
        1.2863381608345894,
        1.4823934123074531,
        1.7962074428752168,
        0.33065571823123163
      ],
      "mean": 1.2238986835621228
    },
    "78": {
      "per_day": [
        1.286342566500944,
        1.4824898485406706,
        1.796204540144079,
        0.3306576552049791
      ],
      "mean": 1.223923652597668
    },
    "89": {
      "per_day": [
        1.2863811547662953,
        1.4824697053051383,
        1.796219069058164,
        0.33067921501644454
      ],
      "mean": 1.2239372860365105
    },
    "49": {
      "per_day": [
        1.2862994415815547,
        1.4823112685946067,
        1.7961019090132548,
        0.3306574057211358
      ],
      "mean": 1.223842506227638
    },
    "84": {
      "per_day": [
        1.2863095214603426,
        1.4823328197664993,
        1.7960898479196648,
        0.33066241651341194
      ],
      "mean": 1.2238486514149796
    },
    "13": {
      "per_day": [
        1.2863262799198558,
        1.4824095338757743,
        1.7961222359235234,
        0.3306628121716074
      ],
      "mean": 1.2238802154726904
    },
    "30": {
      "per_day": [
        1.2863247567744327,
        1.4823854745254812,
        1.7960714598651353,
        0.3306844309282753
      ],
      "mean": 1.223866530523331
    },
    "81": {
      "per_day": [
        1.286297562707208,
        1.4823236834168136,
        1.796066540055271,
        0.3306676577145866
      ],
      "mean": 1.2238388609734698
    },
    "62": {
      "per_day": [
        1.2863008650556622,
        1.4824338006032132,
        1.7961029835089888,
        0.33065516373395937
      ],
      "mean": 1.2238732032254558
    }
  },
  "cql": {
    "42": {
      "per_day": [
        0.2552990095974343,
        0.27191717238914986,
        0.3783588666607761,
        0.05011133185832071
      ],
      "mean": 0.23892159512642025
    },
    "36": {
      "per_day": [
        0.26004304452829086,
        0.2768778993960235,
        0.38438472769808174,
        0.050961461806609695
      ],
      "mean": 0.24306678335725143
    },
    "27": {
      "per_day": [
        0.2613416133382945,
        0.2831455819167552,
        0.4042933838406213,
        0.052579518969170985
      ],
      "mean": 0.25034002451621046
    },
    "21": {
      "per_day": [
        0.26081081220940716,
        0.275019142166199,
        0.3864632600219152,
        0.05107287520090143
      ],
      "mean": 0.24334152239960571
    },
    "14": {
      "per_day": [
        0.26257302207332556,
        0.27760087362131997,
        0.38804696639318587,
        0.05139949471899767
      ],
      "mean": 0.24490508920170725
    },
    "23": {
      "per_day": [
        0.261014480231675,
        0.2783362571822098,
        0.3886292780708319,
        0.05162399865979976
      ],
      "mean": 0.24490100353612912
    },
    "39": {
      "per_day": [
        0.26214417893188907,
        0.2708790302657776,
        0.38862453237185746,
        0.05143570827158434
      ],
      "mean": 0.24327086246027713
    },
    "94": {
      "per_day": [
        0.2629725722671387,
        0.27375580630790286,
        0.3865379048729856,
        0.05038056466197605
      ],
      "mean": 0.2434117120275008
    },
    "15": {
      "per_day": [
        0.26057030807206455,
        0.27490613297509786,
        0.3860806985798879,
        0.051206689256437864
      ],
      "mean": 0.24319095722087206
    },